<?xml version="1.0" encoding="UTF-8"?>
<!DOCTYPE expressions [
  <!ELEMENT expressions (expression*)>
  <!ELEMENT expression EMPTY>
  <!ATTLIST expression name CDATA #REQUIRED>
  <!ATTLIST expression class CDATA #REQUIRED>
  <!ATTLIST expression type (unary|binary|operand|function) "operand">
]>
<expressions>	

		<expression name="," class="org.ganges.expressionengine.expressions.property.ArgumentExpression" type="binary"/>
		<expression name="||" class="org.ganges.expressionengine.expressions.booleanexp.OrExpression" type="binary"/>
		<expression name="&amp;&amp;" class="org.ganges.expressionengine.expressions.booleanexp.AndExpression" type="binary"/>
		
		<expression name="=" class="org.ganges.expressionengine.expressions.relational.EQExpression" type="binary"/>
		<expression name="!=" class="org.ganges.expressionengine.expressions.relational.NEExpression" type="binary"/>
		
		<expression name="&gt;" class="org.ganges.expressionengine.expressions.relational.GTExpression" type="binary"/>
		<expression name="&lt;" class="org.ganges.expressionengine.expressions.relational.LTExpression" type="binary"/>		
		<expression name="&gt;=" class="org.ganges.expressionengine.expressions.relational.GTEExpression" type="binary"/>
		<expression name="&lt;=" class="org.ganges.expressionengine.expressions.relational.LTEExpression" type="binary"/>		
		
		<expression name="+" class="org.ganges.expressionengine.expressions.arithmatic.AddExpression" type="binary"/>
		<expression name="-" class="org.ganges.expressionengine.expressions.arithmatic.SubtractExpression" type="binary"/>		
		<expression name="*" class="org.ganges.expressionengine.expressions.arithmatic.MultiplyExpression" type="binary"/>
		<expression name="/" class="org.ganges.expressionengine.expressions.arithmatic.DivideExpression" type="binary"/>		
		<expression name="%" class="org.ganges.expressionengine.expressions.arithmatic.RemainderExpression" type="binary"/>		
		<expression name="[]" class="org.ganges.expressionengine.expressions.arithmatic.ArrayIndexExpression" type="binary"/>
		<expression name="." class="org.ganges.expressionengine.expressions.property.PropertyExpression" type="binary"/>

		<expression name="+" class="org.ganges.expressionengine.expressions.arithmatic.PlusExpression" type="unary"/>
		<expression name="-" class="org.ganges.expressionengine.expressions.arithmatic.MinusExpression" type="unary"/>
		<expression name="()" class="org.ganges.expressionengine.expressions.arithmatic.ParanthesisExpression" type="unary"/>		
		<expression name="!" class="org.ganges.expressionengine.expressions.booleanexp.NegativeExpression" type="unary"/>
		<expression name="." class="org.ganges.expressionengine.expressions.property.UnaryPropertyExpression" type="unary"/>

		
		<expression name="pow" class="org.ganges.expressionengine.expressions.property.FunctionExpression" type="function"/>
	
		<expression name="[0-9]+" class="org.ganges.expressionengine.expressions.NumericExpression" type="operand"/>
		<expression name="([0-9]+\.[0-9]*)|([0-9]*\.[0-9]+)" class="org.ganges.expressionengine.expressions.DecimalExpression" type="operand"/>
		<expression name="[A-Za-z_][A-Za-z_0-9]*" class="org.ganges.expressionengine.expressions.IdentifierExpression" type="operand"/>
		<expression name="'[^'\\]*(\\.[^'\\]*)*'" class="org.ganges.expressionengine.expressions.StringExpression" type="operand"/>
		<expression name="[t][r][u][e]" class="org.ganges.expressionengine.expressions.BooleanExpression" type="operand"/>
		<expression name="[f][a][l][s][e]" class="org.ganges.expressionengine.expressions.BooleanExpression" type="operand"/>
		
</expressions>