<?xml version="1.0" encoding="UTF-8" ?>
<!--DOCTYPE log4j:configuration SYSTEM "log4j.dtd"-->

<log4j:configuration xmlns:log4j="http://jakarta.apache.org/log4j/">
	<appender name="console" class="org.apache.log4j.ConsoleAppender">
		<!-- param name="Target" value="System.out" / -->
		<layout class="org.apache.log4j.PatternLayout">
			<param name="ConversionPattern"
				value="%d [%t] %-5p %c - %m%n" />
		</layout>
	</appender>

	<appender name="LOG_FILE" class="org.apache.log4j.RollingFileAppender">
		<param name="File" value="PublicBooks.log"/>
		<param name="Append" value="true"/>
		<param name="MaxFileSize" value="5000KB"/>
		<param name="maxBackupIndex" value="5"/> 
		<layout class="org.apache.log4j.PatternLayout">
			 <param name="ConversionPattern" value="%d [%t] %-5p %c - %m%n"/>
		</layout>
	</appender>

	
	<logger name="org.ganges">
		<level value="debug" />
		<appender-ref ref="console" />
		<!-- appender-ref ref="LOG_FILE" /-->
	</logger>

</log4j:configuration>
